site,origin_lat,origin_lng,dest_lat,dest_lng,origin_nearest_road,origin_impression,destination_nearest_road,destination_impression
GP01_GP02,14.554214,120.997311,14.557658,121.007314,R-2 (Taft Avenue),119119,R-2 (Taft Avenue),119119
GP02_GP01,14.557755,121.007246,14.554016,120.997311,R-2 (Taft Avenue),119119,R-2 (Taft Avenue),119119
BGC01_BGC02,14.549061,121.046858,14.548942,121.047091,R-4 (Shaw Boulevard),144836,R-4 (Shaw Boulevard),144836
BGC02_BGC01,14.549861,121.04437,14.550755,121.047431,R-4 (Shaw Boulevard),144836,R-4 (Shaw Boulevard),144836
C501_C502,14.66416082,121.0724647,14.6631018,121.0742312,R-7 (Quezon Avenue),356012,R-7 (Quezon Avenue),356012
C502_C501,14.66320171,121.074368,14.66430369,121.0725354,R-7 (Quezon Avenue),356012,R-7 (Quezon Avenue),356012
C502_C503,14.6631018,121.0742312,14.65758965,121.0741903,R-7 (Quezon Avenue),356012,R-7 (Quezon Avenue),356012
C503_C502,14.65755038,121.0744473,14.66320171,121.074368,R-7 (Quezon Avenue),356012,R-7 (Quezon Avenue),356012
C503_C504,14.65758965,121.0741903,14.6481949,121.0742104,R-7 (Quezon Avenue),356012,R-7 (Quezon Avenue),356012
C504_C503,14.6481949,121.0744445,14.65755038,121.0744473,R-7 (Quezon Avenue),356012,R-7 (Quezon Avenue),356012
C504_C505,14.6481949,121.0742104,14.64243391,121.0746006,R-7 (Quezon Avenue),356012,R-7 (Quezon Avenue),356012
C505_C504,14.64251046,121.0747635,14.6481949,121.0744445,R-7 (Quezon Avenue),356012,R-7 (Quezon Avenue),356012
C505_C506,14.64243391,121.0746006,14.6358201,121.0743011,R-7 (Quezon Avenue),356012,R-7 (Quezon Avenue),356012
C506_C505,14.6358014,121.0744916,14.64251046,121.0747635,R-7 (Quezon Avenue),356012,R-7 (Quezon Avenue),356012
C506_C507,14.6358201,121.0743011,14.63382125,121.0741359,R-7 (Quezon Avenue),356012,R-7 (Quezon Avenue),356012
C507_C506,14.63378536,121.0744248,14.6358014,121.0744916,R-7 (Quezon Avenue),356012,R-7 (Quezon Avenue),356012
C507_C508,14.63382125,121.0741359,14.63112529,121.0740079,R-7 (Quezon Avenue),356012,R-7 (Quezon Avenue),356012
C508_C507,14.63119102,121.0743235,14.63378536,121.0744248,R-7 (Quezon Avenue),356012,R-7 (Quezon Avenue),356012
C508_C509,14.63112529,121.0740079,14.62358505,121.0741541,R-7 (Quezon Avenue),356012,R-7 (Quezon Avenue),356012
C509_C508,14.62357733,121.0742921,14.63119102,121.0743235,R-7 (Quezon Avenue),356012,R-7 (Quezon Avenue),356012
C509_C510,14.62358505,121.0741541,14.61436702,121.071205,R-7 (Quezon Avenue),356012,R-5 (Ortigas Avenue),188765
C510_C509,14.61458387,121.0712727,14.62357733,121.0742921,R-5 (Ortigas Avenue),188765,R-7 (Quezon Avenue),356012
C510_C511,14.61436702,121.071205,14.61169519,121.0754639,R-5 (Ortigas Avenue),188765,R-5 (Ortigas Avenue),188765
C511_C510,14.61173231,121.0756329,14.61458387,121.0712727,R-5 (Ortigas Avenue),188765,R-5 (Ortigas Avenue),188765
C511_C512,14.61169519,121.0754639,14.6071664,121.0785722,R-5 (Ortigas Avenue),188765,R-5 (Ortigas Avenue),188765
C512_C511,14.60722194,121.078727,14.61173231,121.0756329,R-5 (Ortigas Avenue),188765,R-5 (Ortigas Avenue),188765
C512_C513,14.6071664,121.0785722,14.60111819,121.0792615,R-5 (Ortigas Avenue),188765,R-5 (Ortigas Avenue),188765
C513_C512,14.60132925,121.0794272,14.60722194,121.078727,R-5 (Ortigas Avenue),188765,R-5 (Ortigas Avenue),188765
C513_C514,14.60111819,121.0792615,14.58969408,121.0798716,R-5 (Ortigas Avenue),188765,R-5 (Ortigas Avenue),188765
C514_C513,14.58969408,121.0799674,14.60132925,121.0794272,R-5 (Ortigas Avenue),188765,R-5 (Ortigas Avenue),188765
C514_C515,14.58969408,121.0798716,14.58261353,121.0767354,R-5 (Ortigas Avenue),188765,R-5 (Ortigas Avenue),188765
C515_C514,14.58251824,121.076857,14.58969408,121.0799674,R-5 (Ortigas Avenue),188765,R-5 (Ortigas Avenue),188765
C515_C516,14.58261353,121.0767354,14.57757533,121.0733537,R-5 (Ortigas Avenue),188765,R-5 (Ortigas Avenue),188765
C516_C515,14.57753936,121.0734742,14.58251824,121.076857,R-5 (Ortigas Avenue),188765,R-5 (Ortigas Avenue),188765
C516_C517,14.57757533,121.0733537,14.56520287,121.0700586,R-5 (Ortigas Avenue),188765,R-5 (Ortigas Avenue),188765
C517_C516,14.56514664,121.0702065,14.57753936,121.0734742,R-5 (Ortigas Avenue),188765,R-5 (Ortigas Avenue),188765
C517_C518,14.56520287,121.0700586,14.55596345,121.0627814,R-5 (Ortigas Avenue),188765,R-5 (Ortigas Avenue),188765
C518_C517,14.55588772,121.0628544,14.56514664,121.0702065,R-5 (Ortigas Avenue),188765,R-5 (Ortigas Avenue),188765
C518_C519,14.55596345,121.0627814,14.5463191,121.055665,R-5 (Ortigas Avenue),188765,R-4 (Shaw Boulevard),144836
C519_C518,14.54620253,121.0557718,14.55588772,121.0628544,R-4 (Shaw Boulevard),144836,R-5 (Ortigas Avenue),188765
CW01_CW02,14.68719542,121.0869344,14.68285387,121.0851442,R-8 (Commonwealth Avenue),107001,R-8 (Commonwealth Avenue),107001
CW02_CW01,14.6827397,121.0854536,14.68717077,121.087147,R-8 (Commonwealth Avenue),107001,R-8 (Commonwealth Avenue),107001
CW02_CW03,14.68285387,121.0851442,14.67780698,121.0829324,R-8 (Commonwealth Avenue),107001,R-8 (Commonwealth Avenue),107001
CW03_CW02,14.67772863,121.0832223,14.6827397,121.0854536,R-8 (Commonwealth Avenue),107001,R-8 (Commonwealth Avenue),107001
CW03_CW04,14.67780698,121.0829324,14.6746729,121.0810036,R-8 (Commonwealth Avenue),107001,R-8 (Commonwealth Avenue),107001
CW04_CW03,14.67457857,121.0812676,14.67772863,121.0832223,R-8 (Commonwealth Avenue),107001,R-8 (Commonwealth Avenue),107001
CW04_CW05,14.6746729,121.0810036,14.67101518,121.0778206,R-8 (Commonwealth Avenue),107001,R-8 (Commonwealth Avenue),107001
CW05_CW04,14.67075736,121.0781352,14.67457857,121.0812676,R-8 (Commonwealth Avenue),107001,R-8 (Commonwealth Avenue),107001
CW05_CW06,14.67101518,121.0778206,14.66705835,121.0728223,R-8 (Commonwealth Avenue),107001,R-7 (Quezon Avenue),356012
CW06_CW05,14.66682025,121.0730105,14.67075736,121.0781352,R-7 (Quezon Avenue),356012,R-8 (Commonwealth Avenue),107001
CW06_CW07,14.66705835,121.0728223,14.66393151,121.0679809,R-7 (Quezon Avenue),356012,R-7 (Quezon Avenue),356012
CW07_CW06,14.66368931,121.0682516,14.66682025,121.0730105,R-7 (Quezon Avenue),356012,R-7 (Quezon Avenue),356012
CW07_CW08,14.66393151,121.0679809,14.66174196,121.0647477,R-7 (Quezon Avenue),356012,R-7 (Quezon Avenue),356012
CW08_CW07,14.66150416,121.0649239,14.66368931,121.0682516,R-7 (Quezon Avenue),356012,R-7 (Quezon Avenue),356012
CW08_CW09,14.66174196,121.0647477,14.65833687,121.0595127,R-7 (Quezon Avenue),356012,R-7 (Quezon Avenue),356012
CW09_CW08,14.65806736,121.0598377,14.66150416,121.0649239,R-7 (Quezon Avenue),356012,R-7 (Quezon Avenue),356012
CW09_CW10,14.65833687,121.0595127,14.65441528,121.0535798,R-7 (Quezon Avenue),356012,R-7 (Quezon Avenue),356012
CW10_CW09,14.65412661,121.0539762,14.65806736,121.0598377,R-7 (Quezon Avenue),356012,R-7 (Quezon Avenue),356012
CW10_CW11,14.65441528,121.0535798,14.65314154,121.0512353,R-7 (Quezon Avenue),356012,R-7 (Quezon Avenue),356012
CW11_CW10,14.65244127,121.0517527,14.65412661,121.0539762,R-7 (Quezon Avenue),356012,R-7 (Quezon Avenue),356012
ED01_ED02,14.65741846,121.0039993,14.65741456,121.010973,C-3,136851,C-3,136851
ED02_ED01,14.65764201,121.010966,14.65757715,121.0039841,C-3,136851,C-3,136851
ED02_ED03,14.65741456,121.010973,14.65755326,121.0196321,C-3,136851,R-8 (Commonwealth Avenue),107001
ED03_ED02,14.65778455,121.019702,14.65764201,121.010966,R-8 (Commonwealth Avenue),107001,C-3,136851
ED03_ED04,14.65755326,121.0196321,14.6561373,121.0273117,R-8 (Commonwealth Avenue),107001,R-7 (Quezon Avenue),356012
ED04_ED03,14.65636136,121.0273557,14.65778455,121.019702,R-7 (Quezon Avenue),356012,R-8 (Commonwealth Avenue),107001
ED04_ED05,14.6561373,121.0273117,14.65559131,121.0296825,R-7 (Quezon Avenue),356012,R-7 (Quezon Avenue),356012
ED05_ED04,14.65581093,121.0297374,14.65636136,121.0273557,R-7 (Quezon Avenue),356012,R-7 (Quezon Avenue),356012
ED05_ED06,14.65559131,121.0296825,14.65040337,121.0333802,R-7 (Quezon Avenue),356012,R-7 (Quezon Avenue),356012
ED06_ED05,14.65050913,121.0335325,14.65581093,121.0297374,R-7 (Quezon Avenue),356012,R-7 (Quezon Avenue),356012
ED06_ED07,14.65040337,121.0333802,14.6437969,121.0376821,R-7 (Quezon Avenue),356012,R-7 (Quezon Avenue),356012
ED07_ED06,14.64388745,121.0378576,14.65050913,121.0335325,R-7 (Quezon Avenue),356012,R-7 (Quezon Avenue),356012
ED07_ED08,14.6437969,121.0376821,14.63719206,121.0419475,R-7 (Quezon Avenue),356012,R-7 (Quezon Avenue),356012
ED08_ED07,14.63728711,121.0421553,14.64388745,121.0378576,R-7 (Quezon Avenue),356012,R-7 (Quezon Avenue),356012
ED08_ED09,14.63719206,121.0419475,14.632747,121.044877,R-7 (Quezon Avenue),356012,R-7 (Quezon Avenue),356012
ED09_ED08,14.63288162,121.0450231,14.63728711,121.0421553,R-7 (Quezon Avenue),356012,R-7 (Quezon Avenue),356012
ED09_ED10,14.632747,121.044877,14.63068991,121.0457315,R-7 (Quezon Avenue),356012,R-7 (Quezon Avenue),356012
ED10_ED09,14.63080345,121.0460527,14.63288162,121.0450231,R-7 (Quezon Avenue),356012,R-7 (Quezon Avenue),356012
ED10_ED11,14.63068991,121.0457315,14.62564335,121.0481981,R-7 (Quezon Avenue),356012,R-7 (Quezon Avenue),356012
ED11_ED10,14.6257264,121.0483335,14.63080345,121.0460527,R-7 (Quezon Avenue),356012,R-7 (Quezon Avenue),356012
ED11_ED12,14.62564335,121.0481981,14.62347218,121.0491391,R-7 (Quezon Avenue),356012,R-7 (Quezon Avenue),356012
ED12_ED11,14.62357971,121.0493756,14.6257264,121.0483335,R-7 (Quezon Avenue),356012,R-7 (Quezon Avenue),356012
ED12_ED13,14.62347218,121.0491391,14.62140478,121.0500734,R-7 (Quezon Avenue),356012,R-7 (Quezon Avenue),356012
ED13_ED12,14.62151313,121.0503108,14.62357971,121.0493756,R-7 (Quezon Avenue),356012,R-7 (Quezon Avenue),356012
ED13_ED14,14.62140478,121.0500734,14.61791897,121.051635,R-7 (Quezon Avenue),356012,R-5 (Ortigas Avenue),188765
ED14_ED13,14.61805341,121.0519144,14.62151313,121.0503108,R-5 (Ortigas Avenue),188765,R-7 (Quezon Avenue),356012
ED14_ED15,14.61791897,121.051635,14.61615395,121.0524404,R-5 (Ortigas Avenue),188765,R-5 (Ortigas Avenue),188765
ED15_ED14,14.61619216,121.0528046,14.61805341,121.0519144,R-5 (Ortigas Avenue),188765,R-5 (Ortigas Avenue),188765
ED15_ED16,14.61615395,121.0524404,14.61358811,121.0536616,R-5 (Ortigas Avenue),188765,R-5 (Ortigas Avenue),188765
ED16_ED15,14.61368351,121.0538559,14.61619216,121.0528046,R-5 (Ortigas Avenue),188765,R-5 (Ortigas Avenue),188765
ED16_ED17,14.61358811,121.0536616,14.60623731,121.057051,R-5 (Ortigas Avenue),188765,R-5 (Ortigas Avenue),188765
ED17_ED16,14.60633531,121.0572561,14.61368351,121.0538559,R-5 (Ortigas Avenue),188765,R-5 (Ortigas Avenue),188765
ED17_ED18,14.60623731,121.057051,14.59957085,121.0595775,R-5 (Ortigas Avenue),188765,R-5 (Ortigas Avenue),188765
ED18_ED17,14.59959211,121.0598292,14.60633531,121.0572561,R-5 (Ortigas Avenue),188765,R-5 (Ortigas Avenue),188765
ED18_ED19,14.59957085,121.0595775,14.59310177,121.0581522,R-5 (Ortigas Avenue),188765,R-5 (Ortigas Avenue),188765
ED19_ED18,14.59294377,121.058566,14.59959211,121.0598292,R-5 (Ortigas Avenue),188765,R-5 (Ortigas Avenue),188765
ED19_ED20,14.59310177,121.0581522,14.58315048,121.0547431,R-5 (Ortigas Avenue),188765,R-5 (Ortigas Avenue),188765
ED20_ED19,14.58299399,121.0550279,14.59294377,121.058566,R-5 (Ortigas Avenue),188765,R-5 (Ortigas Avenue),188765
ED20_ED21,14.58315048,121.0547431,14.58126514,121.0534104,R-5 (Ortigas Avenue),188765,R-5 (Ortigas Avenue),188765
ED21_ED20,14.58102473,121.0536994,14.58299399,121.0550279,R-5 (Ortigas Avenue),188765,R-5 (Ortigas Avenue),188765
ED21_ED22,14.58126514,121.0534104,14.57676603,121.0502657,R-5 (Ortigas Avenue),188765,R-4 (Shaw Boulevard),144836
ED22_ED21,14.57662673,121.0504862,14.58102473,121.0536994,R-4 (Shaw Boulevard),144836,R-5 (Ortigas Avenue),188765
ED22_ED23,14.57676603,121.0502657,14.57232908,121.0471147,R-4 (Shaw Boulevard),144836,R-4 (Shaw Boulevard),144836
ED23_ED22,14.57223583,121.0473341,14.57662673,121.0504862,R-4 (Shaw Boulevard),144836,R-4 (Shaw Boulevard),144836
ED23_ED24,14.57232908,121.0471147,14.56654797,121.0453065,R-4 (Shaw Boulevard),144836,R-4 (Shaw Boulevard),144836
ED24_ED23,14.56649951,121.0455011,14.57223583,121.0473341,R-4 (Shaw Boulevard),144836,R-4 (Shaw Boulevard),144836
ED24_ED25,14.56654797,121.0453065,14.56175328,121.0427336,R-4 (Shaw Boulevard),144836,R-4 (Shaw Boulevard),144836
ED25_ED24,14.56162354,121.042875,14.56649951,121.0455011,R-4 (Shaw Boulevard),144836,R-4 (Shaw Boulevard),144836
ED25_ED26,14.56175328,121.0427336,14.55987347,121.0406162,R-4 (Shaw Boulevard),144836,R-4 (Shaw Boulevard),144836
ED26_ED25,14.55964969,121.040754,14.56162354,121.042875,R-4 (Shaw Boulevard),144836,R-4 (Shaw Boulevard),144836
ED26_ED27,14.55987347,121.0406162,14.55484114,121.0346689,R-4 (Shaw Boulevard),144836,R-4 (Shaw Boulevard),144836
ED27_ED26,14.55466708,121.0347975,14.55964969,121.040754,R-4 (Shaw Boulevard),144836,R-4 (Shaw Boulevard),144836
ED27_ED28,14.55484114,121.0346689,14.55031414,121.0291222,R-4 (Shaw Boulevard),144836,R-4 (Shaw Boulevard),144836
ED28_ED27,14.55006773,121.029362,14.55466708,121.0347975,R-4 (Shaw Boulevard),144836,R-4 (Shaw Boulevard),144836
ED28_ED29,14.55031414,121.0291222,14.54760291,121.0259597,R-4 (Shaw Boulevard),144836,R-4 (Shaw Boulevard),144836
ED29_ED28,14.54735687,121.0261576,14.55006773,121.029362,R-4 (Shaw Boulevard),144836,R-4 (Shaw Boulevard),144836
ED29_ED30,14.54760291,121.0259597,14.53942824,121.0141117,R-4 (Shaw Boulevard),144836,R-2 (Taft Avenue),119119
ED30_ED29,14.53918224,121.0141747,14.54735687,121.0261576,R-2 (Taft Avenue),119119,R-4 (Shaw Boulevard),144836
ED30_ED31,14.53942824,121.0141117,14.53857577,121.0078914,R-2 (Taft Avenue),119119,R-2 (Taft Avenue),119119
ED31_ED30,14.53826001,121.0078333,14.53918224,121.0141747,R-2 (Taft Avenue),119119,R-2 (Taft Avenue),119119
ED31_ED32,14.53857577,121.0078914,14.53794779,121.003216,R-2 (Taft Avenue),119119,R-2 (Taft Avenue),119119
ED32_ED31,14.53767132,121.0032455,14.53826001,121.0078333,R-2 (Taft Avenue),119119,R-2 (Taft Avenue),119119
ED32_ED33,14.53794779,121.003216,14.53764768,121.00056,R-2 (Taft Avenue),119119,R-2 (Taft Avenue),119119
ED33_ED32,14.53743219,121.0004889,14.53767132,121.0032455,R-2 (Taft Avenue),119119,R-2 (Taft Avenue),119119
ED33_ED34,14.53764768,121.00056,14.53782895,120.9957296,R-2 (Taft Avenue),119119,R-2 (Taft Avenue),119119
ED34_ED33,14.53763032,120.995723,14.53743219,121.0004889,R-2 (Taft Avenue),119119,R-2 (Taft Avenue),119119
ED34_ED35,14.53782895,120.9957296,14.53714972,120.9922475,R-2 (Taft Avenue),119119,R-2 (Taft Avenue),119119
ED35_ED34,14.53690536,120.9922677,14.53763032,120.995723,R-2 (Taft Avenue),119119,R-2 (Taft Avenue),119119
ED35_ED36,14.53714972,120.9922475,14.53636151,120.9887387,R-2 (Taft Avenue),119119,R-2 (Taft Avenue),119119
ED36_ED35,14.53615543,120.9886981,14.53690536,120.9922677,R-2 (Taft Avenue),119119,R-2 (Taft Avenue),119119
ED36_ED37,14.53636151,120.9887387,14.5354314,120.9848453,R-2 (Taft Avenue),119119,C-4 (EDSA),419952
ED37_ED36,14.53522836,120.9848588,14.53615543,120.9886981,C-4 (EDSA),419952,R-2 (Taft Avenue),119119
EDSA,14.535289884033096,120.98193246783715,14.656839509433068,121.03044889963375,C-4 (EDSA),419952,R-7 (Quezon Avenue),356012
EDSA,14.656839509433068,121.03044889963375,14.535289884033096,120.98193246783715,R-7 (Quezon Avenue),356012,C-4 (EDSA),419952
ES01_ES02,14.61538259,120.99898,14.61441708,120.9978943,R-6 (Aurora Blvd),145563,R-6 (Aurora Blvd),145563
ES02_ES01,14.61433616,120.997994,14.61528438,120.9990703,R-6 (Aurora Blvd),145563,R-6 (Aurora Blvd),145563
ES02_ES03,14.61441708,120.9978943,14.61290024,120.9962399,R-6 (Aurora Blvd),145563,R-6 (Aurora Blvd),145563
ES03_ES02,14.6128386,120.9963385,14.61433616,120.997994,R-6 (Aurora Blvd),145563,R-6 (Aurora Blvd),145563
ES03_ES04,14.61290024,120.9962399,14.61176284,120.9949998,R-6 (Aurora Blvd),145563,R-6 (Aurora Blvd),145563
ES04_ES03,14.61167524,120.9950763,14.6128386,120.9963385,R-6 (Aurora Blvd),145563,R-6 (Aurora Blvd),145563
ES04_ES05,14.61176284,120.9949998,14.60966348,120.9926902,R-6 (Aurora Blvd),145563,R-6 (Aurora Blvd),145563
ES05_ES04,14.60958042,120.9927707,14.61167524,120.9950763,R-6 (Aurora Blvd),145563,R-6 (Aurora Blvd),145563
ES05_ES06,14.60966348,120.9926902,14.60667476,120.9894142,R-6 (Aurora Blvd),145563,C-2,170675
ES06_ES05,14.606593,120.9894813,14.60958042,120.9927707,C-2,170675,R-6 (Aurora Blvd),145563
ES06_ES07,14.60667476,120.9894142,14.60538061,120.9878896,C-2,170675,C-2,170675
ES07_ES06,14.60527289,120.9879231,14.606593,120.9894813,C-2,170675,C-2,170675
GUADALED,14.570325671178152,121.04637969588516,14.570241302851166,121.0463528737955,R-4 (Shaw Boulevard),144836,R-4 (Shaw Boulevard),144836
GUADALED,14.570057639381544,121.04653794621416,14.570407443525822,121.04662176524438,R-4 (Shaw Boulevard),144836,R-4 (Shaw Boulevard),144836
GUADALED,14.570460011447553,121.0464092001838,14.570111505361988,121.04631532286996,R-4 (Shaw Boulevard),144836,R-4 (Shaw Boulevard),144836
GUADALED,14.570367855329549,121.04639243637776,14.570192628801683,121.04633879219844,R-4 (Shaw Boulevard),144836,R-4 (Shaw Boulevard),144836
GUADALED,14.57014525271654,121.0465607449904,14.570322426243116,121.04659829591594,R-4 (Shaw Boulevard),144836,R-4 (Shaw Boulevard),144836
GUADALED,14.570189383864676,121.0465687916173,14.570275050185847,121.04658890818456,R-4 (Shaw Boulevard),144836,R-4 (Shaw Boulevard),144836
GUADALED-STRETCH,14.570876762441005,121.04653148979502,14.569838383380963,121.04623644681,R-4 (Shaw Boulevard),144836,R-4 (Shaw Boulevard),144836
GUADALED-STRETCH,14.567952,121.045918,14.572365,121.047377,R-4 (Shaw Boulevard),144836,R-4 (Shaw Boulevard),144836
GUADALED-STRETCH,14.5725,121.047152,14.568087,121.045693,R-4 (Shaw Boulevard),144836,R-4 (Shaw Boulevard),144836
GUADALED-STRETCH,14.56960036531704,121.0464297614439,14.570820461527092,121.04674089768264,R-4 (Shaw Boulevard),144836,R-4 (Shaw Boulevard),144836
GUADALED-STRETCH,14.569075981458877,121.04628492215387,14.571355224993365,121.04694474556538,R-4 (Shaw Boulevard),144836,R-4 (Shaw Boulevard),144836
GUADALED-STRETCH,14.571369990784136,121.046697786756,14.569272464713626,121.0461184296136,R-4 (Shaw Boulevard),144836,R-4 (Shaw Boulevard),144836
MA01_MA02,14.62613493,121.0826794,14.62242742,121.086409,R-7 (Quezon Avenue),356012,R-5 (Ortigas Avenue),188765
MA02_MA01,14.62218518,121.0861965,14.62606395,121.0825678,R-5 (Ortigas Avenue),188765,R-7 (Quezon Avenue),356012
MA02_MA03,14.62242742,121.086409,14.61952617,121.0892357,R-5 (Ortigas Avenue),188765,R-5 (Ortigas Avenue),188765
MA03_MA02,14.61929483,121.0890688,14.62218518,121.0861965,R-5 (Ortigas Avenue),188765,R-5 (Ortigas Avenue),188765
MA03_MA04,14.61952617,121.0892357,14.6188399,121.0922642,R-5 (Ortigas Avenue),188765,R-5 (Ortigas Avenue),188765
MA04_MA03,14.61856998,121.0922481,14.61929483,121.0890688,R-5 (Ortigas Avenue),188765,R-5 (Ortigas Avenue),188765
MA04_MA05,14.6188399,121.0922642,14.61993766,121.0974366,R-5 (Ortigas Avenue),188765,R-5 (Ortigas Avenue),188765
MA05_MA04,14.61967223,121.09736,14.61856998,121.0922481,R-5 (Ortigas Avenue),188765,R-5 (Ortigas Avenue),188765
MA05_MA06,14.61993766,121.0974366,14.62036953,121.0994457,R-5 (Ortigas Avenue),188765,R-5 (Ortigas Avenue),188765
MA06_MA05,14.6201126,121.0996429,14.61967223,121.09736,R-5 (Ortigas Avenue),188765,R-5 (Ortigas Avenue),188765
MA06_MA07,14.62036953,121.0994457,14.62392213,121.1505075,R-5 (Ortigas Avenue),188765,R-5 (Ortigas Avenue),188765
MA07_MA06,14.62384497,121.1504756,14.6201126,121.0996429,R-5 (Ortigas Avenue),188765,R-5 (Ortigas Avenue),188765
OR01_OR02,14.60763678,121.0390516,14.6048306,121.0427231,R-5 (Ortigas Avenue),188765,R-5 (Ortigas Avenue),188765
OR02_OR01,14.60494091,121.042815,14.60769319,121.0390939,R-5 (Ortigas Avenue),188765,R-5 (Ortigas Avenue),188765
OR02_OR03,14.6048306,121.0427231,14.60334055,121.0445554,R-5 (Ortigas Avenue),188765,R-5 (Ortigas Avenue),188765
OR03_OR02,14.60347422,121.0446788,14.60494091,121.042815,R-5 (Ortigas Avenue),188765,R-5 (Ortigas Avenue),188765
OR03_OR04,14.60334055,121.0445554,14.60162907,121.0468707,R-5 (Ortigas Avenue),188765,R-5 (Ortigas Avenue),188765
OR04_OR03,14.60177507,121.0469874,14.60347422,121.0446788,R-5 (Ortigas Avenue),188765,R-5 (Ortigas Avenue),188765
OR04_OR05,14.60162907,121.0468707,14.60094698,121.0478354,R-5 (Ortigas Avenue),188765,R-5 (Ortigas Avenue),188765
OR05_OR04,14.60105794,121.04794,14.60177507,121.0469874,R-5 (Ortigas Avenue),188765,R-5 (Ortigas Avenue),188765
OR05_OR06,14.60094698,121.0478354,14.5995401,121.049722,R-5 (Ortigas Avenue),188765,R-5 (Ortigas Avenue),188765
OR06_OR05,14.59964747,121.0498329,14.60105794,121.04794,R-5 (Ortigas Avenue),188765,R-5 (Ortigas Avenue),188765
OR06_OR07,14.5995401,121.049722,14.59511187,121.0558422,R-5 (Ortigas Avenue),188765,R-5 (Ortigas Avenue),188765
OR07_OR06,14.59522312,121.0558848,14.59964747,121.0498329,R-5 (Ortigas Avenue),188765,R-5 (Ortigas Avenue),188765
OR07_OR08,14.59511187,121.0558422,14.59316305,121.058423,R-5 (Ortigas Avenue),188765,R-5 (Ortigas Avenue),188765
OR08_OR07,14.59329431,121.0585024,14.59522312,121.0558848,R-5 (Ortigas Avenue),188765,R-5 (Ortigas Avenue),188765
OR08_OR09,14.59316305,121.058423,14.59219614,121.0595573,R-5 (Ortigas Avenue),188765,R-5 (Ortigas Avenue),188765
OR09_OR08,14.59232852,121.0596076,14.59329431,121.0585024,R-5 (Ortigas Avenue),188765,R-5 (Ortigas Avenue),188765
OR09_OR10,14.59219614,121.0595573,14.59058227,121.0614135,R-5 (Ortigas Avenue),188765,R-5 (Ortigas Avenue),188765
OR10_OR09,14.59073055,121.0615516,14.59232852,121.0596076,R-5 (Ortigas Avenue),188765,R-5 (Ortigas Avenue),188765
OR10_OR11,14.59058227,121.0614135,14.58866388,121.064479,R-5 (Ortigas Avenue),188765,R-5 (Ortigas Avenue),188765
OR11_OR10,14.58878745,121.0644407,14.59073055,121.0615516,R-5 (Ortigas Avenue),188765,R-5 (Ortigas Avenue),188765
OR11_OR12,14.58866388,121.064479,14.58895503,121.0687678,R-5 (Ortigas Avenue),188765,R-5 (Ortigas Avenue),188765
OR12_OR11,14.58905951,121.0687463,14.58878745,121.0644407,R-5 (Ortigas Avenue),188765,R-5 (Ortigas Avenue),188765
OR12_OR13,14.58895503,121.0687678,14.58913439,121.0713331,R-5 (Ortigas Avenue),188765,R-5 (Ortigas Avenue),188765
OR13_OR12,14.58923757,121.0713324,14.58905951,121.0687463,R-5 (Ortigas Avenue),188765,R-5 (Ortigas Avenue),188765
OR13_OR14,14.58913439,121.0713331,14.58922553,121.0726511,R-5 (Ortigas Avenue),188765,R-5 (Ortigas Avenue),188765
OR14_OR13,14.5893365,121.0726806,14.58923757,121.0713324,R-5 (Ortigas Avenue),188765,R-5 (Ortigas Avenue),188765
OR14_OR15,14.58922553,121.0726511,14.58980324,121.0809037,R-5 (Ortigas Avenue),188765,R-5 (Ortigas Avenue),188765
OR15_OR14,14.58991444,121.0809119,14.5893365,121.0726806,R-5 (Ortigas Avenue),188765,R-5 (Ortigas Avenue),188765
QA01_QA02,14.65042103,121.0468294,14.64606111,121.0404406,R-7 (Quezon Avenue),356012,R-7 (Quezon Avenue),356012
QA02_QA01,14.64599448,121.0405574,14.64975157,121.0473012,R-7 (Quezon Avenue),356012,R-7 (Quezon Avenue),356012
QA02_QA03,14.64606111,121.0404406,14.64470924,121.0382742,R-7 (Quezon Avenue),356012,R-7 (Quezon Avenue),356012
QA03_QA02,14.64464412,121.0383333,14.64599448,121.0405574,R-7 (Quezon Avenue),356012,R-7 (Quezon Avenue),356012
QA03_QA04,14.64470924,121.0382742,14.64375045,121.0367114,R-7 (Quezon Avenue),356012,R-7 (Quezon Avenue),356012
QA04_QA03,14.6436862,121.0367606,14.64464412,121.0383333,R-7 (Quezon Avenue),356012,R-7 (Quezon Avenue),356012
QA04_QA05,14.64375045,121.0367114,14.64289434,121.0354606,R-7 (Quezon Avenue),356012,R-7 (Quezon Avenue),356012
QA05_QA04,14.6428801,121.0354373,14.6436862,121.0367606,R-7 (Quezon Avenue),356012,R-7 (Quezon Avenue),356012
QA05_QA06,14.64289434,121.0354606,14.64138262,121.032728,R-7 (Quezon Avenue),356012,R-7 (Quezon Avenue),356012
QA06_QA05,14.64121939,121.0328497,14.6428801,121.0354373,R-7 (Quezon Avenue),356012,R-7 (Quezon Avenue),356012
QA06_QA07,14.64138262,121.032728,14.63975516,121.0301395,R-7 (Quezon Avenue),356012,R-7 (Quezon Avenue),356012
QA07_QA06,14.63958126,121.0302441,14.64121939,121.0328497,R-7 (Quezon Avenue),356012,R-7 (Quezon Avenue),356012
QA07_QA08,14.63975516,121.0301395,14.63827003,121.0277044,R-7 (Quezon Avenue),356012,R-7 (Quezon Avenue),356012
QA08_QA07,14.63810763,121.0278533,14.63958126,121.0302441,R-7 (Quezon Avenue),356012,R-7 (Quezon Avenue),356012
QA08_QA09,14.63827003,121.0277044,14.63691078,121.0255296,R-7 (Quezon Avenue),356012,R-7 (Quezon Avenue),356012
QA09_QA08,14.63673333,121.0256921,14.63810763,121.0278533,R-7 (Quezon Avenue),356012,R-7 (Quezon Avenue),356012
QA09_QA10,14.63691078,121.0255296,14.63661211,121.0250622,R-7 (Quezon Avenue),356012,R-7 (Quezon Avenue),356012
QA10_QA09,14.63645337,121.0251778,14.63673333,121.0256921,R-7 (Quezon Avenue),356012,R-7 (Quezon Avenue),356012
QA10_QA11,14.63661211,121.0250622,14.63495588,121.0223844,R-7 (Quezon Avenue),356012,C-3,136851
QA11_QA10,14.63479758,121.0225393,14.63645337,121.0251778,C-3,136851,R-7 (Quezon Avenue),356012
QA11_QA12,14.63495588,121.0223844,14.63346077,121.0199003,C-3,136851,C-3,136851
QA12_QA11,14.63327781,121.0200183,14.63479758,121.0225393,C-3,136851,C-3,136851
QA12_QA13,14.63346077,121.0199003,14.63263792,121.0185404,C-3,136851,C-3,136851
QA13_QA12,14.63243088,121.0186695,14.63327781,121.0200183,C-3,136851,C-3,136851
QA13_QA14,14.63263792,121.0185404,14.63186147,121.0173654,C-3,136851,C-3,136851
QA14_QA13,14.63166358,121.0174778,14.63243088,121.0186695,C-3,136851,C-3,136851
QA14_QA15,14.63186147,121.0173654,14.63065221,121.0156716,C-3,136851,C-3,136851
QA15_QA14,14.63052374,121.0158687,14.63166358,121.0174778,C-3,136851,C-3,136851
QA15_QA16,14.63065221,121.0156716,14.62820135,121.0131168,C-3,136851,C-3,136851
QA16_QA15,14.62815399,121.0132,14.63052374,121.0158687,C-3,136851,C-3,136851
QA16_QA17,14.62820135,121.0131168,14.62649201,121.011195,C-3,136851,C-3,136851
QA17_QA16,14.62640544,121.0112672,14.62815399,121.0132,C-3,136851,C-3,136851
QA17_QA18,14.62649201,121.011195,14.62524082,121.0097162,C-3,136851,C-3,136851
QA18_QA17,14.62509565,121.009913,14.62640544,121.0112672,C-3,136851,C-3,136851
QA18_QA19,14.62524082,121.0097162,14.62350574,121.0079149,C-3,136851,C-3,136851
QA19_QA18,14.62339864,121.0080305,14.62509565,121.009913,C-3,136851,C-3,136851
QA19_QA20,14.62350574,121.0079149,14.62179879,121.0059865,C-3,136851,C-3,136851
QA20_QA19,14.62168455,121.0061243,14.62339864,121.0080305,C-3,136851,C-3,136851
QA20_QA21,14.62179879,121.0059865,14.62014108,121.0041878,C-3,136851,R-6 (Aurora Blvd),145563
QA21_QA20,14.61998877,121.0042751,14.62168455,121.0061243,R-6 (Aurora Blvd),145563,C-3,136851
QA21_QA22,14.62014108,121.0041878,14.61956039,121.0035054,R-6 (Aurora Blvd),145563,R-6 (Aurora Blvd),145563
QA22_QA21,14.61937594,121.0036074,14.61998877,121.0042751,R-6 (Aurora Blvd),145563,R-6 (Aurora Blvd),145563
QA22_QA23,14.61956039,121.0035054,14.61893383,121.0028131,R-6 (Aurora Blvd),145563,R-6 (Aurora Blvd),145563
QA23_QA22,14.61875196,121.0029527,14.61937594,121.0036074,R-6 (Aurora Blvd),145563,R-6 (Aurora Blvd),145563
QA23_QA24,14.61893383,121.0028131,14.61832327,121.0022089,R-6 (Aurora Blvd),145563,R-6 (Aurora Blvd),145563
QA24_QA23,14.61817078,121.0022861,14.61875196,121.0029527,R-6 (Aurora Blvd),145563,R-6 (Aurora Blvd),145563
QA24_QA25,14.61832327,121.0022089,14.61768948,121.001453,R-6 (Aurora Blvd),145563,R-6 (Aurora Blvd),145563
QA25_QA24,14.6175354,121.0015679,14.61817078,121.0022861,R-6 (Aurora Blvd),145563,R-6 (Aurora Blvd),145563
RO01_RO02,14.5914543,120.9703332,14.58277452,120.975433,C-1,109729,C-1,109729
RO02_RO01,14.58284866,120.9756466,14.59143413,120.9705495,C-1,109729,C-1,109729
RO02_RO03,14.58277452,120.975433,14.5785578,120.9779432,C-1,109729,C-1,109729
RO03_RO02,14.5786774,120.9780708,14.58284866,120.9756466,C-1,109729,C-1,109729
RO03_RO04,14.5785578,120.9779432,14.57305407,120.980964,C-1,109729,C-1,109729
RO04_RO03,14.57310924,120.9810914,14.5786774,120.9780708,C-1,109729,C-1,109729
RO04_RO05,14.57305407,120.980964,14.56818776,120.9832447,C-1,109729,C-1,109729
RO05_RO04,14.56821275,120.9833763,14.57310924,120.9810914,C-1,109729,C-1,109729
RO05_RO06,14.56818776,120.9832447,14.5641216,120.9849742,C-1,109729,C-1,109729
RO06_RO05,14.56414346,120.9851489,14.56821275,120.9833763,C-1,109729,C-1,109729
RO06_RO07,14.5641216,120.9849742,14.55941786,120.9870613,C-1,109729,R-2 (Taft Avenue),119119
RO07_RO06,14.55946474,120.9872189,14.56414346,120.9851489,R-2 (Taft Avenue),119119,C-1,109729
RO07_RO08,14.55941786,120.9870613,14.552085,120.9894928,R-2 (Taft Avenue),119119,R-2 (Taft Avenue),119119
RO08_RO07,14.5521207,120.9895994,14.55946474,120.9872189,R-2 (Taft Avenue),119119,R-2 (Taft Avenue),119119
RO08_RO09,14.552085,120.9894928,14.53688605,120.9924696,R-2 (Taft Avenue),119119,R-2 (Taft Avenue),119119
RO09_RO08,14.53689362,120.9925513,14.5521207,120.9895994,R-2 (Taft Avenue),119119,R-2 (Taft Avenue),119119
RO09_RO10,14.53688605,120.9924696,14.52906983,120.993246,R-2 (Taft Avenue),119119,R-1 (Roxas Boulevard),202820
RO10_RO09,14.52906289,120.9934383,14.53689362,120.9925513,R-1 (Roxas Boulevard),202820,R-2 (Taft Avenue),119119
RO10_RO11,14.52906983,120.993246,14.52723646,120.9934718,R-1 (Roxas Boulevard),202820,R-1 (Roxas Boulevard),202820
RO11_RO10,14.52726425,120.9936767,14.52906289,120.9934383,R-1 (Roxas Boulevard),202820,R-1 (Roxas Boulevard),202820
RO11_RO12,14.52723646,120.9934718,14.50252314,120.9898363,R-1 (Roxas Boulevard),202820,R-1 (Roxas Boulevard),202820
RO12_RO11,14.50251827,120.9900222,14.52726425,120.9936767,R-1 (Roxas Boulevard),202820,R-1 (Roxas Boulevard),202820
SL01_SL02,14.53913496,121.0174844,14.51033531,121.0329782,R-2 (Taft Avenue),119119,C-5 (Carlos P. Garcia Avenue),250762
SL02_SL01,14.51047553,121.0336541,14.53894516,121.0177003,C-5 (Carlos P. Garcia Avenue),250762,R-2 (Taft Avenue),119119
SL02_SL03,14.51033531,121.0329782,14.50843121,121.0340015,C-5 (Carlos P. Garcia Avenue),250762,C-5 (Carlos P. Garcia Avenue),250762
SL03_SL02,14.50873243,121.0345272,14.51047553,121.0336541,C-5 (Carlos P. Garcia Avenue),250762,C-5 (Carlos P. Garcia Avenue),250762
SL03_SL04,14.50843121,121.0340015,14.51092763,121.032642,C-5 (Carlos P. Garcia Avenue),250762,C-5 (Carlos P. Garcia Avenue),250762
SL04_SL03,14.51105227,121.0333715,14.50873243,121.0345272,C-5 (Carlos P. Garcia Avenue),250762,C-5 (Carlos P. Garcia Avenue),250762
SL04_SL05,14.51092763,121.032642,14.49487104,121.0412547,C-5 (Carlos P. Garcia Avenue),250762,C-5 (Carlos P. Garcia Avenue),250762
SL05_SL04,14.49481864,121.0415073,14.51105227,121.0333715,C-5 (Carlos P. Garcia Avenue),250762,C-5 (Carlos P. Garcia Avenue),250762
SL05_SL06,14.49487104,121.0412547,14.44550091,121.0451194,C-5 (Carlos P. Garcia Avenue),250762,C-5 (Carlos P. Garcia Avenue),250762
SL06_SL05,14.44561829,121.045349,14.49481864,121.0415073,C-5 (Carlos P. Garcia Avenue),250762,C-5 (Carlos P. Garcia Avenue),250762
SL06_SL07,14.44550091,121.0451194,14.40293707,121.0394963,C-5 (Carlos P. Garcia Avenue),250762,C-5 (Carlos P. Garcia Avenue),250762
SL07_SL06,14.40293707,121.0397239,14.44561829,121.045349,C-5 (Carlos P. Garcia Avenue),250762,C-5 (Carlos P. Garcia Avenue),250762
NL01_NL02,14.700000,121.000000,14.701000,121.001000,R-9 (North Luzon Expressway),379800,R-9 (North Luzon Expressway),379800
NL02_NL01,14.701000,121.001000,14.700000,121.000000,R-9 (North Luzon Expressway),379800,R-9 (North Luzon Expressway),379800
NL02_NL03,14.701000,121.001000,14.702000,121.002000,R-9 (North Luzon Expressway),379800,R-9 (North Luzon Expressway),379800
NL03_NL02,14.702000,121.002000,14.701000,121.001000,R-9 (North Luzon Expressway),379800,R-9 (North Luzon Expressway),379800
NL03_NL04,14.702000,121.002000,14.703000,121.003000,R-9 (North Luzon Expressway),379800,R-9 (North Luzon Expressway),379800
NL04_NL03,14.703000,121.003000,14.702000,121.002000,R-9 (North Luzon Expressway),379800,R-9 (North Luzon Expressway),379800
NL04_NL05,14.703000,121.003000,14.704000,121.004000,R-9 (North Luzon Expressway),379800,R-9 (North Luzon Expressway),379800
NL05_NL04,14.704000,121.004000,14.703000,121.003000,R-9 (North Luzon Expressway),379800,R-9 (North Luzon Expressway),379800
NL05_NL06,14.704000,121.004000,14.705000,121.005000,R-9 (North Luzon Expressway),379800,R-9 (North Luzon Expressway),379800
NL06_NL05,14.705000,121.005000,14.704000,121.004000,R-9 (North Luzon Expressway),379800,R-9 (North Luzon Expressway),379800
NL06_NL07,14.705000,121.005000,14.706000,121.006000,R-9 (North Luzon Expressway),379800,R-9 (North Luzon Expressway),379800
NL07_NL06,14.706000,121.006000,14.705000,121.005000,R-9 (North Luzon Expressway),379800,R-9 (North Luzon Expressway),379800
NL07_NL08,14.706000,121.006000,14.707000,121.007000,R-9 (North Luzon Expressway),379800,R-9 (North Luzon Expressway),379800
NL08_NL07,14.707000,121.007000,14.706000,121.006000,R-9 (North Luzon Expressway),379800,R-9 (North Luzon Expressway),379800
NL08_NL09,14.707000,121.007000,14.708000,121.008000,R-9 (North Luzon Expressway),379800,R-9 (North Luzon Expressway),379800
NL09_NL08,14.708000,121.008000,14.707000,121.007000,R-9 (North Luzon Expressway),379800,R-9 (North Luzon Expressway),379800
NL09_NL10,14.708000,121.008000,14.709000,121.009000,R-9 (North Luzon Expressway),379800,R-9 (North Luzon Expressway),379800
NL10_NL09,14.709000,121.009000,14.708000,121.008000,R-9 (North Luzon Expressway),379800,R-9 (North Luzon Expressway),379800
NL10_NL11,14.709000,121.009000,14.710000,121.010000,R-9 (North Luzon Expressway),379800,R-9 (North Luzon Expressway),379800
NL11_NL10,14.710000,121.010000,14.709000,121.009000,R-9 (North Luzon Expressway),379800,R-9 (North Luzon Expressway),379800
NL11_NL12,14.710000,121.010000,14.711000,121.011000,R-9 (North Luzon Expressway),379800,R-9 (North Luzon Expressway),379800
NL12_NL11,14.711000,121.011000,14.710000,121.010000,R-9 (North Luzon Expressway),379800,R-9 (North Luzon Expressway),379800
NL12_NL13,14.711000,121.011000,14.712000,121.012000,R-9 (North Luzon Expressway),379800,R-9 (North Luzon Expressway),379800
NL13_NL12,14.712000,121.012000,14.711000,121.011000,R-9 (North Luzon Expressway),379800,R-9 (North Luzon Expressway),379800
NL13_NL14,14.712000,121.012000,14.713000,121.013000,R-9 (North Luzon Expressway),379800,R-9 (North Luzon Expressway),379800
NL14_NL13,14.713000,121.013000,14.712000,121.012000,R-9 (North Luzon Expressway),379800,R-9 (North Luzon Expressway),379800
NL14_NL15,14.713000,121.013000,14.714000,121.014000,R-9 (North Luzon Expressway),379800,R-9 (North Luzon Expressway),379800
NL15_NL14,14.714000,121.014000,14.713000,121.013000,R-9 (North Luzon Expressway),379800,R-9 (North Luzon Expressway),379800